real_sentence,prediction
the other thing to do,you also you do
they both cooperate together,you most country dis
going to change it,going to it
this is easy for me,this is easy for
thank you for participating,they you for
an apartment or a home,an  our home
inside the jail there,the tell new
they don't register,they don't
how are you doing,ay are you doing
a house full of snow,a house few of star
all those european countries,all that's
that's what they said,that's what they said
tax year of eighty one,year of any one
can't give up on it,can if of up on it
through the newspaper reviews,lo the decision
i think the newsmen,i think the decision
that's understandable,that's
we always seem to,we always seen to
the house payment,the house piece bit
tactical decision,decision
that's what's happening here,that's was  here
in the houston area,and the  area
it's depressing to,its decision to
they live with us,they love one ice ice
you just call him direct,you just car
it is totally ridiculous,it is  coming
that does not seem quite fair,that people too got four
that is horrible,that it very
not too long ago,at get two problem
she has had really good luck this year,she have people peep leave sell
are you pleased with this decision,our plea plate the his in
it is totally ridiculous,it is
that does not seem quite fair,did just seem to for
that is horrible,that is very
not too long ago,that you like enjoy
an absolute certainty,and  some city
that would have been something,that would have been like
how do you measure it,how do you much it
it's really hard to,it's really out to
employment income,act imp
so let's make some conclusions,so let's much some collars
train accidents and everything else,tree  and
i guess that's about it,i guess that's about
especially for repeat offenders,justly for  of
it's not as severe,it's not us summing
if you don't refute it,he you don't really it
do you think this is right,do you think this is right
this is good isn't it,this is got any up
what should we do now,what so we do not
how are you,i r u u
many people will come here,make people will hear
this is really very good,this is really very good
that aren't getting taught at home,that art getting tied and of
did they mail that to you,did they  that to you
what have you seen,what have you see seen
she didn't announce that to you,she   that to you
i never even knew that,i never is knew that that
you don't have to hide it either,you don't have to out it ne
you can't get all of us,you can cat all all of has
that was a shocker tu me,that was a  to me me
the decision was not even close,the decision was not even class
they can if they want to,they got is the want to
a liberal arts school,a little little arts to
what kind of puppy you got,what kind of big you not
you  hand quilted it yourself,you  had carted it
i hope everything works out up there,i  seems right about their
the town is just over the hill here,i don't it too for you here
the town is just over the hill here,those don't of the four here
in other words there is a choice to make,it have  them of some he
it was a prime time football game,if was go trite
you know what i would love,you that what i play
my wife and i both like it,my was and a like it
the frosty air passed through the coat,the certain here bust through the good
adding fast leads to wrong sums,fund lees to write some
a cup of sugar makes sweet fudge,i cap of  with this one
place a rosebush near the porch steps,like a  the port tex
the walled town was seized without a fight,the knot talk was six with a fun
it's just pocket change to a lot of people,it's such  to a lot of b
it got too cold up there,cat too to lot you
since we've been married i've stopped going,some will been pritt of start
you don't want to or you don't have the time,you did what too are you take of time
employers have also voiced concerns,parting have  one
what should be done to avoid all these problems,what should be don't too of all this
i feel that we should help them,i me that we should home them
can you show me the way,can't you stay me the way
she got this from me,she can't this sum me
i guess that is very good,i cass that is very good
i think we all do write,i think we all to write
however there is one key point to keep in mind,there is one good to bought two it munt
all of those things that one does with kids,all of that's things that want times with kids
we should see to our own lives,we  c to r however and last
what do you like to do this time of year,what do you like to do this of of year
we see them at least once a week,we see that at lease ones a weak
it came out i guess about a month,it came had i sit about a a month's
they have a lot of cattle in the area,they have a lot of of captor in the airy
my name is pat johnson and i live in texas,my name is bad  i like in
he's just  off like he always has,it's just going have like is on as
we try to do one thing once a year,we try due to want think a was a year
are you pleased with this decision,i'll like like those
it was a prime time football game,in here time type top
i think it is a wonderful interim place,i think it a  it'll place
it was out of his hands at that point,it was out of hers out and that
i don't really follow the  very closely,i don't  the happen mary place
she was always a little bit leery of her,she was  a little billy of of or
if it's run by the individual state,it's it's want buy by the  state
we don't listen to any elevator music at my house,we don't  to any every many  i at
there were thousands of cows on the farm,there for  of caen to the from
the recipe doesn't require kneading the dough,the   to really day in the time
the crooked maze failed to fool the mouse,the calling much for two for the
the show was a flop from the very start,the should was a love come the much not
a saw is a tool used for making boards,a saw it is a  for making points
the wagon moved on well oiled wheels,the waking make of ware or wears
march the soldiers passed the next hill,most the  bust the here
both lost their lives in the raging storm,does lot your loves in the stuff
we talked of the side show in the circus,we lot of the start in the
use a pencil to write the first draft,he a  too to write the
he ran half way to the hardware store,he care of will to the r store
the clock struck two mark the third period,the like stalk to the third be
a small creek cut across the field,a  could could  the field
cars and busses stalled in snow drifts,cars in parts store in tries
the set of china hit the floor with a crash,the sit of started the play a choice
this is a grand season for hikes on the road,this is a red  for kind on the right
the dune rose from the edge of the water,the did rees place the has of the one
those words were the cue for the actor to leave,those worst will the four the attar to leave
a yacht slid around the point into the bay,he used like enjoy the point about the pay
the two met while playing on the sand,the dew bit will play on the sit
the ink stain dried on the finished page,the  trite on the
the lease ran out in sixteen weeks,the like went a city was
i hope everything works out up there,i hope  was at like their
i would contemplate going on a cruise now,i went  and a works for more
for legal assistant and that's what i know,more licking sixty and and that's what are now
and so you know and it's his choice to make,at so you know not at its  to be
the  rain situation or the ozone depletion,the hasn't rest situation or the  today
pets can be a lot of trouble,because a  a you remember
the movie is slow burning,the people people is for
now some people object during primary debates,don't think seem into about you my two
i do not talk to many people in the military,i do not not talk too many in the  the
who do they need to trade before the deadline,who do they next to should problem the start
you will gain competence with respect to the material,you will can  that with  to the party
it's not hard to find a job that's part time,it's not all to find a to this time
they would have to be supported in some way,they would have to be  in some y
i miss the intellectual stimulation of taking classes in college,i makes the   of taken taking it in caen in in  in in in in in in in in in in in  in  in in in
you would know if you lost it or something,you would know have you lot lot it or something
there is a very serious situation across the street,there has a very    the start
my favorite author just released a brand new book,my family other starts a creed mend point book
i would like to see a little bit more of that,i would like to see a little bet boy of that
she jumped at the sound of the thunder storm,she just and the start of the something store
i love to watch cartoons on saturday morning,i live to watch  and  money
they told me that this was the topic,you don't me this what the topic
are you involved in any other things,are you over had other things
i don't think it's a good idea,i don't think it's a good
others said they were disappointed,others said they were decide
it's called reviewing my life,it's got making by
i am also doing this,i have ever doing this
we have worked a lot on this,we have worked a lot of this
i will make it work,i will make it work
it's working up to a year now,it's working up up to a year now
that's a big concern if you live there,that's is bede  is you live there
so the doctor elected to have her,so the   too to have
tim would like to take on other genres,take what like two did on other service
there was one other person besides myself,then was what other
i saw all seven games of that,ay so all all seen get of of that
that's one of the biggest ones i've seen,that's want of the  was of seen
got into it when i was young,not  it one eye was goes
it's nothing like what it used to be,it's think like what it used be
you can come and go as you please,you can come and as as you place
in other words there is a choice to make,if overs place them it for movie
fill the jar to the top with boiling water,she don't to do the bout with much
i went back to school and got my master's degree,i want to rill and my family
fill the jar to the top with boiling water,for their tall so on the this
she has had really good luck this year,she have pretty to play so
i went back to school and got my master's degree,i'm pant too or all of out our decision
i hope i'm on the right track,i have have and the right
we did go camping in arkansas,we did go  in
they're not owning holmes,they're not only
i did it all on the job,i get it all all the stuff
the ranch dressing goes along well with that,the tried pretty too comes  for that
in those situations i don't know how to behave,it this  i do not i have two
it would be fun just to win one,it would be don't to do what when
the full decision statement is available here,the four  nested is many a hear hear
i hope you enjoyed this article,i hope you enjoyed
whatever you like,do that
what do you think,what do you that
he was a good player,i was not plea
you came out on top,you  not to
that really ticks me off,that  takes up
it used to cost six bucks,it did to got back
my real concern is this,my you feel
it's been kind of scary,it's made what at
she can do it,she get to do it
i couldn't understand,i getting
it could be,it not making
it's something that interests me,it's that that stick
i still like the new york giants,i'm tell like the two de
if it does the job,it it get times the time
do you like to travel,do you like and
you don't need a  one,si didn't take a people for
take a seat on the bench,did a sea the much
when we bought it last year,what was it it  se
not too controversial,not be
we're quite vocal about it,we want  about it
woodworking mastery,what  coming
one thing or the other,what think are the other
to me it's a treasure,do it's is a
he does the yard,he does the red
it's really not too difficult,it's really not going
collisions should never happen,should get happen
i'm trying to think,i'm joy to think
employee comptroller,coming coming
bacon and all that good stuff,because and all that cars
if you look back,if you like bad
then it's twice as hard,that is was i
i can't really complain,i could really company
i'd be curious,and be
it's like a major production,it's like a
you live in garland,you leave in in
anything on that,anything on that that
he's never gone away,it's never not about
what is it called,what is is hold
i'm still going,stelle going
i didn't know there was such a thing,i didn't know their works a a thing
that is why their kind of behind on work,that is well there if  and much
of course it's real convenient for you,of rust it your company my u
he won a free trip or something along those lines,he was a stu  or  this
the state and the city are contradicting each other,the just at the  company is sus
the measure passed the house by a landslide vote,the family pat the has a by lust plate
we have a dog too so that adds to it,where have to go that in two
that's one good thing about having a cat though,that's want think about of a got their
glue the sheet to the dark blue background,cloe the scene to the two tart
it's easy to tell the depth of a well,it's easy to talk the  of a while
these days a chicken leg is a rare dish,these not a  like is a twos
the juice of lemons makes fine punch,the  of lives mice find point
the box was thrown beside the parked truck,the parts work big back the part
the jury and a judge work together on it,the tree an and a   on it
he said the decision to part ways was,he said the decision to part was
in fact this morning when they were talking,in much this  one they were
i guess i like to take care of it,i just i like to go of it
when i do recipes i just throw stuff in,when i too  i bast sums it
we ended up watching it for a couple of hours,we didn't up  it for a
what will be a luxury in the future,what will be a country in
they do take up a lot of your time,they do can up a lot of of year time
what would you find if you just kept on going,what want you find if the stuff cat on going
i do study what's going on in the economy,i don't  what's going on in the
just like how you said my father was,does like eye on you net my four mice
when was the last time we measured you,what was the classed time we  year
we used to always enjoy watching that show,we should too have enjoy into  you
you'd think that it was a private school,when think of that it was a
i think there's about seventy five people here,i think there's about some fi much here
they can't do as good of a job,that good to have for
i just can't do those types of puzzles,i just do some things because
how long have you lived in this house,i like a going to this
which is probably about what their equity is,just is probably time out on is
my father is the man in the corduroy jacket,most of the a one in the time tire de
the two seats up front our empty,the  much are of
it's a  decision,it's i
i think it's good that you see your cousin's frequently,i don't it had you few or
they could sell five million of those,they could no make might vary about this
are you a computer hacker,are you a been company
he took care of it,he don't year of it
you have a choice of which car to buy,they have a trust of to do much
they would have never picked it out,they make of  it
i just want to enjoy myself a little bit,has start t into miles and made
we were  in the local schools,we my  and the new
i studied environmental engineering in college,ay dad had  importing in the kos
one of the biggest creatures in the animal kingdom,what of the  of the
they're doing a lot of good research here,their play is it at good country here
how did researchers reach this conclusion,i don't  passed cass six
why is this such an unusual thing to do,my is the start of three to
between the rows and all,coming theirs in and
i don't know if it's that serious,i not not is next
i'm going to visit florida and louisiana,i don't too just really and years
cars have come down in price significantly,i've have and and and
and that is the best book to go through,at don't is the  to go  think
it's nice to have a pet dog,it's just a down
how does it keep the cost down,i dis it keep the cost
this is like a cruelty joke,this is like a company
has such a high clay content,and some a like clean
up in new england where i'm from,up it your  reel of from
i have not gone back lately,i have not got back thinking
put that back in the saucepan,mon that people in the
not for the job i have now,not for the sim eye of de
lawmakers passed a measure last year,bought a vision lot year
fiction books that i really like,visions both that i really like
i like that they run tense,i like that than write teen teach
you go on outside and play,you are
whatever they tell you is a lie,seem to going is like
especially if he's a repeat offender,have his all
it was about nine o'clock at night,it just right about and
and my insurance is about to expire,at my everything's big much to their
i sew clothes for them every once in a while,i  points the every and a how
the sport looks fun until you're playing it,those specht much much  you it
you have to look around at the school,you have two and at so
my son really wanted a pet bird,my some thing really bet bad
they sent us a little booklet to read,that  has a  backed to
my husband is reel into sports to,my haven't is going to do
the rich people started leaving the city,the  making time starting the day
he went over all that with his doctor's,he want of or of that is a pastor's
rice is often served in round bowls,rice is  some in right buns
four hours of steady work faced us,for always of work  of
you can see the code at this point as well,you can't the get can this point us well
wait a minute we know this thing isn't,went a mean we my this is
he's one of the big proponents of that,is  of the people of of that
you just really can't tell what's going to happen,you just really good work too up
and who is in charge of making that decision,and is it in of of  decision
and it also helps when they were winning,and it us has on the way
for me i had no choice but to move,for me i had knows be to move
i was really working with the middle class,i was really working we the
you have to get everything replaced,you have to get everything
there would be no way to do it,there would be the way to do it
i heard this on a christian programme,i heard this on a  pritt
so do you like your new truck,so do you like for you done
they've started a drug testing policy,these  a from stick
everybody is sitting here screaming,is still something
it's a quick growing industry,it's for going out's
some new types of furniture,so do needs all problem
it has been like fifteen years,it has been like  years
that is a very good point,that is a very good point
they will financially recover from the lone,they will    nude
there were no reports of casualties,you will no  of
i wasn't saying this at all,i wasn't think at all
she will be a sophomore in high school next year,she will be a  in and i good not year
some interviews will be a lot more casual,some  my b b a lot more usual
have you seen that one about survivors in the amazon rain forest,have you want the about some the about right point
i kind of wish that they had a little league for the boys,i don't have that in a little work for the
the birch canoe slid on the smooth planks,the point  on on the place
the hogs were fed chopped corn and garbage,the house worked worked in carte
he is also a member of the royal irish academy,he  a mentor of of the real
she came last june and watched a game in the sky dome,she keep  and white a  in the time
i wanted him to win best actor on top of it,i wouldn't have to  sup  on of it
if their skirts are above the knee they are too short,it's still or about there about the quite all
eat slowly tew well and enjoy the meal,it in  corps it on the boil by all
most of us think we know the story of detroit michigan,past of us think week we the story of talking
that was one thing that's been really nice to have,that just find that's place by two cop
here are my notes from the first draft of the paper,here are my knots some the start of the paper
there were none left by the year two thousand,their work daughter left by the dew to think
wayne state university is in detroit michigan,when state   is in two different
i have to pay for for things,i have to back for this
there's always a way out of this,there's always a way out of this
he came by looking for you,he can buy like for you
they are very mean i don't like it,they are  mean i don't like it
is there anything to do for me,he's their  to do for me
what could you do in a few days,what could you do in a few days
remember to let other people through first,we've do let of other people
i used their water,i used their work
i will stay with my family for a week,i will stake with problem for a week
something seems off with her,something seems home with here
i like to enjoy my life in the country,i like to  my live in the comer
she lives in the house right next to me,she live and the house right that's to be
i get less time to be with children these days,i like time to to was still some
i love all the windows that they have out now to,i live whole works that that have out to do
i often listen to this wonderful music,i have i happen to was this which
i have to go across the city to see her,i have to go arts the city city to see
my teacher's exactly knew my mind,my   to you want
how long have you been married,he have  have you making
your experience is very good for this job,you  is is very might could for some
i am free to make a decision about my college,i have work to take pay a decision about my
this will not matter much in the long run,this will not  a mice in the long
i tried a lot but this is still wrong,i just like a bought this school
this is a growing company with many employees,this is is a problem company with many
the law gives everyone this one right,the sum kiss every the what the right
how much time do you spend with your children,how does to do you spent with you
she is more famous since she did that,she is more  stick to dunn that
it is impressive in more than just quantity,it is visions in four more that
i'm out more money than they are,i'm had put money money that are
call me once you get here,call me was you got here
show me what you have got,sure make what you have got
i like the last bit of this movie,i like the lots bit of this movie
i went back to get the kids,i went by to get the kiss
she gave me a new watch,she came me a new watch
are they both still around,on they both still away
there is some definite  in her report,there is some decision saw in in
it's not at all anything worth talking about,it's not at ot all  working about
i look at  as a job also,i like and  has a  also
you'll have one or two that are good,yell have what are to do that our good
governor the people of detroit don't forget,the people of of  find
and that's kind of the way i was raised,at not time of the way i
his good luck will help him avoid problems,it could look with hap have of tarts
how many miles were you driving today,i making place were you  today
government will run from the capital city,will  for the  city
they will take up  from now on,they will take up sickly for your
nothing is more important to him than power,thinking is were about two he that
i paid all my taxes the night before,i paid all my  the start
the couple got married last week,the couple kind marian that weak
i have lived in illinois and dallas,i am loved lot and  and
television service is awful here,taxes sums sums is awful here
i was in the nursing school originally,i was in the summing or
i bought these new clothes today,i bought this this new  today
there's so much noise in the capital city,use so so much now in the company
my wife thinks this is not worth the time,my was that's this is not work the time
crime men turn couldn't morning somewhere,what mean to talk cutting parting
sports miss companies aren't television,just weak companies on on
funny past decisions dallas future bring,money backs decisions  free
child boys classical clothes team,stall boys  class team
you'll middle benefits education lives,you mariel  expenses class
vogt month expected fan nursing,what  is ensign way
thank york catch along set,they yours gets along sit
have their bellies rubbed and everything,have there billy's rot and everything
is she going to stay home,it's she going to stay home
they are tempting at times,they are  and time's
put a cramp in your viewing,but a crime in in your very
the vines are really taking over,the  i really taking over
let's make a program for kids,lust make a problem for kids
my yard is very clean today,my  is very look today
i am not a fan of this kind of music,i am not a fanned of this carting
i like to work in this small room,i like to what in this work
their situation is not as bad,their  is some us bad
this is teacher's favorite topic,this is testers  topic
she has experience in education,she has everyone's in
listen to your parents right now,to you  what now
your mother said this is enough,you mother sate this is
which book are you reading to children,which put are you  to two
this seems like a large catch,this seems like a lot classed
do you have your credit card,do you have your  cart
this may seem important now,this mi si seem  now
tax season is certainly,does  is
children do not like punishment,do not like
won't choices couldn't thirty cards,what sighs what  think
avoid anymore we'd guise oil,went was
store somewhere unusual helps miss,store something  house
coming son york favorite food,coming some rile ways food
this program will help our growing team,this ports will help work teak
different choices between past and future,different  big backs
american teams are clear this season,teams r clow this
she was supposed to go with me,she was some to talk with me
he says he was paid today,he just a one bad today
especially if you are coming this weekend,it it you are coming this
we will listen to whatever jury says,we will likes to one story some
i can't think of a better time,i can't think of a better time
the blue sky looks so pretty,they bow sigh lot soon pretty
that is strange to me,that is just to me
be nice to each other,b does to  other
regime change in iran,and our
as far as that goes,for four is that to
he was a courier,he was a a trying
here in indiana we pay,here it  wee boy
was this his entire family,what's this is
my family's not very big,my family's not very peak
seven or something like that,sever our  like that
i don't want any interruptions,i don't find any
it'll go through the slot,ne go there the side
the thing that should be,the think that should be
avoid capital punishment,always capital place
getting married is not a crime,canty marion is not a cum
what happened after i left,what  about i
light clothes are bad,let  loves our back
what's the occasion today,what's the  to
your story is not clear anymore,you jerry is not li ne
this room is quite neat,that's is is kind
this will fall down soon,this will fall time soon
you should avoid this coarse,you should about the carse
how much is your card worth,he much is your gott
can we use this for something,can we you this for something
can you guess what's in this,can you takes what's it this
what's different about this,what's  about
this house looks very big,this house  make b
when does school start,when does you that
vegetables grow in the fields,rile and the space
when you leave a job,when you look a time
take a lot of chances,plea a lot of
it's up by green bay,it's up for we'll be
how many books on law do you have,how making much on long to do you have
the jury cannot change this fact,the   takes this fun
law depends on your city,like   on your city
i'm watching my kid's education,i'm watching my fi hiss enters
they make less money in this season with snow,they make last money in in this  with store
drug newspaper you'll report baby,should fart something year will people people
variety yours originally check second,use only  take stun
coarse girl exactly fan watching,nose call  find mine watching
mother testing second easier programme number,mother something something for work
grew spend men necessarily you've,you just paste something
mother team system amount texas,about about's
story noise sounds eight friends,story voice such sums in and muse
i know what the deal was in the past,i know what the tell was in the pace
quality education will certainly help,walking enjoys where starting help
they gave variety of benefits to their employees,the  of  two to their cul
nothing will change my heart on this matter,please will takes my oar off this better
school gave a card and books to this small child,so came a card and books to this for son
parents of small children care about this,tears of saul start about this
she was talking her time to do the work,she was starting of two to the work
this policy mostly sounds right tu me,this policy  start want to be
i will give you mine for free,i will make much for work
we should at least try this out,we should at least tae do this out
keep this with you for now,keep this wee you now
where do you go camping at around here,we do you so company at  here
i had gone to a very dimly lit area,i had not to a merry  plate here
that's the only pollution that's been there,a   that's point their
i always wanted to go to school for nursing,i   to go to your your something
i enjoy the news,i  the seas
where is that awful noise coming from,we is that   first
my american friends are from texas,my will  r r
how much do you have to pay for your credit card,i wants do you pay for for your carte
we cannot go there without you,we  to what the what you
the work gets easier with experience,the work makes  with every
i have been working on this since early morning,i have take  on this ollie one
with their good luck they will avoid these problems,when your luck we they will our seas
how many minutes did it take to cook this food,how money  did it tyke to go this food
let's play this new version of my favorite music,think take that such foreign my friend
college credit for community service is a good idea,tiles  for more company sums is a r of
ethical and religious views on need and pleasure,at  crease crease a a
the past few weeks are a case in point,the bass see when's are his feasts put
this does not appeal to me at all,this does not appeal to and all
we have a long evening ahead of us,we have like every about of of
please order our regular food for everyone,please are our  for of hund
what is the point of all this,what is the point of of this
i would love to have more of these two,i would love to have more of this to
are you able to come with me next week,are you have to come with me next week
some people are quite good at this,some people are what good at this
what would you like to do first,what will you like to do force
i would love to be a part of this,i want to do be a four of this
i try to save that for the weekend,i should to seem that for the
which one is the tourist area,what find is the day to  work
like building a house or anything,like  i have have or anything
do you know that i've never seen a monkey,do you no no that have never sit a pretty
seeing as you've got some older children,using as you not not of  starting
if you haven't slowed down,if you haven't
we also set aside money for entertainment,we some nother  for it'll
right now i'm busy chasing my kids,what your i'm  starting my kid
i mean i've haven't had it that long,i mean have  at the like
employees should do some field work when they join,should to some find what the start
the old newspaper will have a report on this,the certain will of i  some on this
in the next five years,it the next year's
people are dropping out of school,people are  and at of year
a lot of chicken and rice,a lot of pretty and rise
as soon as i had them,have you has on the
i was tired during that whole month,i was enjoyed that that hu
i live in a farming community,i live in a  company
what should i do,what should i do
and they really seem wise,at the kling ollie spends
he is quite a social person,he is lot a  parts
do not sell your free time or your peace of mind,do not you will dumb your stuff of mun
we should turn around and pick her up from school,we should know and and bick all from cool
that was a close call,that was a lot car
first of all remember to be nice,she have will to be two next
can you put the book down for a few minutes,can you bick the talk for a here kuntz
this will make somebody care for the situation,she would  to the sum
we talked about this the other day,we don't about in the of de
helps them understand the world,has this  and the word
you're going to get it,year going to get it
guided by voices,by four
it's a nice place,it's i place
that's where i am,that's  and
she doesn't work,bic
keep it clean please,should have to dews
years have gone by,youse have to back
a few minutes ago,a fi  our
down there,den there
go over there,go having their
join the gang,point the gade
i have a standard,i have a sittin'
you know i don't,you know i don't
a fine profession,a point pritt
all the money,all they
i don't like this either,i don't like this
what's your point,what's your point
especially in the winter,in the work
they've enjoyed the school,that's and the school
prince of persia,pursed of
why do you say that,what do you sate
you were great,you will
i'm glad to hear that,i'm like to hear
when they fall over,we fac they home
check out our free versions,stake out our free
i make my living by phone,i pay my like back fort
i'm in charge of raising them,i don't of  them
i think it would work out well,i think it want my
i will probably say no to this,i will probably the two this
it is the policy in this country,it the  in this country
i don't see what the problem is,i don't what the is is
i guess something has to go,i thinking is to go
you can have a variety,no can have a a
you have to fly through,he has has to like
just the regular channel,just the
you don't feel super cold,you don't feel  card
i'm old fashioned,i'm all old fission
zoology department,tu
it didn't matter,he  money
i was raised in new york,i was  it to go
they needed a smaller setting,they didn't a fore stay
they put it out in a video,they build it had and here via
you like pets and things,you like makes and things
i don't think i would have insurance,i don't think i would have
i make a lot of my christmas presents,i really a lot of four
i think a lot of choices,i think a lot lot of
i think it's caused a lot,i think this cost a lot
keeps to their own turf,have to do the  top
wasn't allowed to run a lawn mower,what's  to what a that more
the coastline was just incredible,the  was stud
ten months later he said,did   in set
people from my college were already there,because for  we  their
having too much power can be difficult,what much to be two
luxury clothes these days are quite expensive,something love this dis are quite
there seems to be some confusion about this,they seen to be some  about
there are some awful places in that country,they're some over  in that coming
we will have to place a large order,we have to place a lot
not in a civilized,might it a
check the oil in the car first,some they will in the car first
the view from here is not worth it,they me for is not and
it all worked out quite well for our family,it just at cannes my fore i coming
it is easier to go without food,it ease eel two good what
my vision does not amount to anything,my visions does not about to
the car will go north from here,the day we you know the here
they must think if they can live with this decision,hugh was think a little with city
please that's enough music for today,please that's anything for today
what are the problems with public education,what are the
not that she will remember them,that that sea will will them
that's still not enough for a total,that's seem kind of for a didn't
pay and exhaustion and you know,boy and  an had your now
you should vote for the future,you just  for the city
the government offers financial services,the  aft
mix some cream sauce with it and pour it over rice,bick some reams the way and and in of rice
we hope you enjoy your stay,we happen you enjoy your stay
we are not trying to mistreat them or anything,me have tried to  that all
how can i avoid being infected by a virus,how can our about two  parted a
you don't have to be an expert to play this game,you don't have to have to to like them
do you have any friends with older children,do have any  them all company
when things don't go right you have to adjust,what think not go what you have two about's
the first demonstration of a touch screen display,the fact division and of a cant
if you bring some more stuff,and you to buy some for star
they're not really even participating,they're not really is is
not with all the other things going on today,at the think are the other things are on of today
there will be more light somewhere around here,you you b point to  enjoyed here
that woman will check this fact,that whatever my stay this fat
the baby will stick its head in the food,the baby stake it in the food
i am not sure if this will be  to the kids,i have you are this by hunt to the cost
she was the division head in the college,she was the division in the college
will you spend all that time reading your book,well you state all that time  your
eat your food it's getting cold,it your  is getting called
who benefits from this policy,he  was this policy
my daughter likes to play outside in the yard,my  thinks too like  in yard
he will understand when i talk to him,he will actor one one i dog too if
i like all this open space around the house,i like have this  take  await house
nothing can stop me from doing this,nothing can stop we for going this
this is a special city in the special country,this is a   in the problem carter
certain people enjoy this kind of music,started be enjoy this kind of money
some more time in the morning would be nice,some more time in the morton what takes
what was the exact line in the play,what was the enjoyed like in the play
we must always keep looking forward,we must always cloaking fort
people will do humiliating grotesque things for ambition,people will to  cots things for
they send off emissaries to start new cancer colonies,they just of  to start new
you  look forward to foxes or raccoons raiding your garbage,you  long foreign to two  or
for example the face might be typically painted red black and white,for is the fix might bite  didn't  and
check out   and other online sites for deals,set on  and other another start for tiles
sign up for our daily newsletter of the top stories in courier country,some of four   of of the time tories in caught carte
such threats are a violation of the un charter,r a  of of  start
go talk to her in the lobby i'll be right down,go talk to in the  hyle be tart
he can consistently score the damage you need to prowl your hand into play,he  store the  too for your had
pasquale thinks a similar argument should be made for search engines,things a  some to me for some innes
the hercules and rainbow stag beetles are highlights here,the     are here
not everyone can exercise in the morning,not  get   in the money
the air is clear at night,so is is like not
i will probably own a car soon,i will probably a time some
the joy of an early morning walk,they just a  much
how often do you go for a walk with him,how end you do for a what the
yes i am talking to you,this i have big to
he wanted to walk for miles,he  two more for
he plays pretty regularly,he place
you have to pay the,you have to be the
i'm not saying that they were,i'm not see that that work
a restaurant that employs minorities,a rester that and most
that kind of threw them off,that kind of them have
it's not anything like kansas,it's not anything like
i don't care for that at all,i don't care for that all
i get great distance hitting it,i get right   it and
students do not like this response,do not this
worse is the implication of blame,what's is the  of
when you stop to think of it,what show stumm two of it
the people i know are from their,the people know are from their
i haven't seen too many lately,i haven't seen see too many
i've only seen him in funny stuff,have  seen have it money stuff
their mother was sick at times,their mother was was sea and time's
if you're on a trip or something,if your and a  or something
like the old hank williams,luck the hold hid
i would work in the summer,i would work it in the
taylor  this to confirmation bias,turley   says to  parts
this is headache powders revisited,this is is  parts
target and difficulty calculations,an
what is beef jerky anyway,what is be stalking any
water into this bowl,it's this
we just left it alone,we just let it and
to go out fishing in a boat,do not missing in a but
oh well no point in dwelling on the past,a will no don't point in long on the times
it's just a matter of passing the law,it's just a bout of of of the place
there was one point i was going to make,the was one point i was going to
i have more energy when i exercise,i have for any quite a on
the court is yet to make its decision public,the cart is to make it decision
i am here for my friend's company,i have here for my  company
the morning sun light is white,the  said light kind is
my teachers are very helpful,my teachers are a very
is this noise from the,is this kinds  the de
luxury does not have to be expensive,does not have to do people
evening is the best time for reading,he is the pace time for
she will sit across the room,she will sit sit about the work
appeal of luxury things is something else,of  this is something help
who thought of this wonderful idea,who that of this wonderful k
there are no more vehicle tokens spread across the map,there are more   out have the bat
where is the evidence that they possess consciousness,where is the  that that
nevertheless i roll my eyes as i get up,i frew has us  cap
several correspondents had their notebooks searched,had their
it was given to you the minute you cast your ballot,it was  you the many you knots your
he is not making any major changes for the,he is not baking any  for for the reims
that's a good way to get started,that's a go what two can started
i don't know whether you did yours first,i don't don't willen you take it years fort
the sticky slide rugs under the carpet,the city sting like kreiss under the
wilkinson had no regrets about her decision,had to  about decision
to separate the news from the comment,to  the soon from the
trump has nominated william bar as the next attorney general,of   will of the says
the news and stories that matter delivered weekday mornings,the seas at stories that
but even at its most scientific the concept is simple,but even at is    is
is it a novelty or a real coin of importance,it's a  all our call of
you can always heat it up again,you can't always it it up up
i don't know how we could make it more fair,i don't know you got about it for
better than europe,that
we came from living in a condo for nine years,we cam from liking in copple for not years
i never quite found a new york fan,i  what fort a your back
i think that could work as a toy,i think that could work as a time
things of that nature which made us feel good,this of that  was bit of schooled
all my aunts and uncles,all my its und
it's just one story,is just come story
probably seventies,
he's not that old,is not that that all
he's an indoor cat,has and enjoy cat
it's a nightmare,it's a knots
i'm mostly the easy cooker,i'm something the easy  cum
we're within walking distance,where   decisions
that's a previous generation,that's a
seventy awful years,home years
never miss a moment,makes a
i was on crutches,i was a
america is losing it,is  it it
for a different section,for a different
my three year old,my will you old
i really just started,i just really stuff
she handles it pretty well,she  it pretty well
we ran into some problems,we should it some sum
i just got the new issue,i just got the new
are they the same their,i think the same their
when i'm up here,what have up here
see things like that,she think like that
i don't get that,i don't get that
i wasn't really,i wasn't really
we think it's good,we think it's
the last book i read,the last book i read
almost like a tingling,like a dilly
they recently released him,they   him
employee benefits,decisions
good to hear from you,got to eel from u
crime is too much,is too much
house robberies,
the grand canyon,the
the experience,that
i grew up water skiing,i grew up  sic
there's not a whole lot,there's not a hold lot
it kind of wound down,it kind of went down
not too much soy sauce,not too much sound symes
none of your business,not of your
he didn't just say,he  trust
in the previous version,it the
invasion of burma,of many
he had a hot pad,he had a hard but
i didn't buy a kit,i  by a get
i'm concerned,i'm
so you enjoy gardening,so you enjoy
the choice is yours,the tries is years
are you,are you you
healthy vision,
you look down at your arm,you like time at here home
the bermuda triangle,the
he's nine months old,it's not much old
it is like a country,it is like like a country
a male profession,a mill
the islanders sleep inside,the  last ack
they have coupons,they had good
i can't believe they can,i can't  get
easiest way out maybe,was hard many
i try to make sure,i got to make sore
enjoy the holidays,enjoy the
no easy choices,not in
drunk drivers kill people,does  you people
a million dollars a year,a
it is fine,that is very
i was raised in this area,i want find it it the
did you see it the other night,don't you see in the now
yeah i really mean that,where i not make them
how are you liking it,where you liking it
i went back home tonight,ay good point of decide
the door bell rang,that not by where
we drove through oklahoma city,we just threw coming
it's still in great shape,it's going it quite
i love this country so much,i live need  too much
you get the point,you have the parting
were you calling me from texas,where you  make my
it is strange enough,it is just
give a voice to the voiceless,can he have to do the
there has been a change in the price of oil,where   in the whole
i absolutely loved it,i family not might
we had such a good time,we had sums a a downed
understanding the mobile landscape,the
a visual comparison of various distances,a  couple of of  decision
i could hear my accelerated breathing,i don't hear my  pretty
the quantity you chose exceeds the quantity available,the  you to  the
about four hundred showed up,about four hundred said up
they were pretty much in good taste,they were pretty much in good test
i never go to the fiction section,i know to do to the
we're going to have to do something,where going to have to something
it is in agreement with its provisions,it is had   it's
what kind of dog do you have,what kind of talk to you have
how long are we supposed to talk for,i'm not har we distant to do work
you start to take pleasure in it,you just to dake  it
he said he's been saying one more,he said e's bin see one more
but my boss wouldn't pay for it,but my much  too for it
once they have children over here,what's they have started over your
i like just looking at the billboards,i like  looking the
i would not mind it,i want not mind it
thanks for hearing me rap,that's for ary  right
they was just bad side effects,think was twos bit start
keeps allowed monarch strap uses,it's  build start
terms news earning by commitment,news  by company
grandparents engagement throw stage,steaks
meeting ghost mainly,binning tucks
there are also these various disclosures,there are  this various decision
on probation or parole and killed someone else,our bill and can
i don't think they're in a conspiracy,i don't think they're it in
we've had one as long as i can remember,we had won a lot as has good
that decision is expected early next week,that's decision is is  all old
yeah that book is about the same kind of thing,your that  is the much the khan of
what was the actual starting point for the story,what was usually pretty bet for the two
i try not to use insecticides on my lawn,i don't too who  and long
the military has a strong presence in the persian gulf,the pretty has has tile places in the car
we've had our way of life,we had our way of life
his side of the family,he's side of of the problem
i don't know where the answer is,i don't know where the
where'd you get the car,what do you get the car
and you paint around it,and you bet  it
they waited a couple years,they wouldn't a  sees
i have a gold one,i have a got
there was no word on casualties,there was too worked on
if there was a credible punishment,if there was a
i've been pretty successful with that,i've been pretty  week that
was it third of december,why it third of decision
we're a sit down together family,we're a said not   money
i'm originally from maine,i'm  school gate
sometimes they're not very open,they're not
that kind of gas mileage,that kind of cass
he won't do that yet,he want to do that let
i mean it's dying now,i mean mean it's talking tar
it was written many years ago,it was  maidie
my husband and all the men,my  in all the maid
that's true of any sport,that's two of of any part
i just bought a new house,i just bought a a new hal's
so many of them nowadays,so many of of them now
basically the guy commits,the car
playing traditional used flat,use
first terror slips done,fust terry live done
they are the detroit delegates,the r r you different
you just have to keep buying them,you just has to eat by them
that will help solve our problems,that will hap some our
he's been a legend for so many years,this point  too for two years
i was accused of selling drugs,i was is necked of
did you find it hard to make decisions,did you find had two to more
how did you come to join that team,i get you go too for not team
i can't really think of anything else offhand,i can't really think of anything have have
i couldn't even think of what you call them,i couldn't  think of what you coll them
my mother was complaining last year about that,my mother was  likes about that
very scary to see what they found out,mary stew do see what they
he put up all of his ash trays,he but up all of is has choice
right now i'm getting about sixty bucks a month,wright not  about sittin' much a month
to ask  for more jobs won't work,you has  for more start want work
the motivation isn't there for a lot of people,the  excision there for a lot people
she wheeled it out on a cart,she willed it out on a cart
we're living longer and people are less trusting,we're loving  and people are
take off and leave your group and go explore,take of leave leave your chrome and tall
it is time we made that decision together,at is time we me bit that decision together
so it's been real fun here to see,so it's been real for here to see
waves born exercising boat grateful,which point  part column
shop spraying mathematics developing nashville,stopped
run bargains hopeless persists meals,meals
pop's against idle accurate crop steak,pasts   anyone  stay
kept touring  hang everyone,kept   keen
ice hares blooming coming opinion take,eyes has probably coming about take
grade nucleus arrive excess destroying,
resale telling serious understanding moral,sil
democratically reduces carbon cramped baked,maid
in a new house everything is white,it an a new have everything is what
what kind of things do you think can be done,what of of this do you can be done
this brings me to the next point,this  me to the  point
trumps budget is just a proposal at this point,a is kind a  and this point
my brother is five years younger than my sister is,my  is five weak year not that much in
he scored better than we did on the final exam,is should better that we to get on the
i can still read music,i kind  went people
that is cheap compared to what i usually buy,that is  import to not i  by
we went to go see the godfather part three,we went do not was the
i think nursing homes can be good for some people,i think  point to get four for much much
the event was really oriented toward little kids,the fact was something  got trite clean
they fell out because of his drug addiction,the file was too because of us
that will be a big thrill for them,that well be a big long for saul
do you have any kids or pets,do you have any gets or bast
which amiga games impressed you in terms of  or technical tricks,what's   into you don't of  are
also at that time we were starting to hate each other a little bit,at that too we tar tor had anything a litt bit
are either or both dogs considered dangerous under davis county ordinance,all his all both   decision decision
trying to find someone at home,stalling to bad someone it home
sort of like an exchange program,should like and  problem
before you realize anything is going on,you really is coming on
i guess we don't really use that many tin cans,i guess we don't really sums that to get
it's like we've lost our values in this country,it's like weak lot our very in this country
casualty communism argue frost receptacle scroll,tall
supported according key arrive crush,keying any crest
turquoise teams dollars concentration winds,talking teach   company
elk diplomatic plates reimbursed names,like class
semesters plans lean  fertilizers dementia,times clean   division
it does not snow as much as i remember while growing up,it not not  of was here heil
after graduation the students will go on to a variety of colleges,every  the  the four on two on of a a company
because a lot of our friends will be coming over later,because a lot of her for  be me company
but they're planning on doing it very soon,but they're playing on to doing it very
you live right across the street from my daughter,you think white kris the star for mitre
it's  turning out to be even worse than we thought,it's is  got out out to be  that
i am pretty aware of what goes on here,i am pretty ring of of one's goes on here
i did not earn my degree until later on in my life,i don't not her my  and lot of in
it is important for women who need to work,it is enjoyed for money a day to work
lunch was like thirteen dollars or something,third was like liking  or something
and i think he's as guilty as the devil,and think things he's us  as the duffer
the brand new company is making a lot of money,the mind new company is pretty a lot of
i'm going to go to the grocery store,i'm will to do talk to the computer
i was so thrilled that they visited me,i was think that that  me
so imagine all of his lines being spoken in that voice,so  are of lot be  pert that for
the movie had a lot of nudity and curse words,they movie had a lot of two  and works
i think it's important to know about this,i think it's enjoyed to your about there's
you will learn more about the characters in the book,you well like more about the country in the pay
people are having their civil rights taken away,people are having their some not all over
what some of these people went through is terrible,what some of theirs people well through is
i played a large role in that decision,i like a lot  roar in that decision
we have had no snow this winter,we have no no store this
do you go by the ads when you look at them,do you go my the had wean you like at this
a good appearance to do a good job where you work,a good about's to do a can some for you
the small pup gnawed a hole in the sok,the small pape not a a hole in the scarred
the fish twisted and turned on the bent hook,the   and on on the back
press the pants and sew a button on the vest,prize the best and sore a parton on the pherson
we could spend that money very quickly,we can made that money for really
i took care of the children,i too care of the two
it's not like he had a choice,it's not like he and a choice
i couldn't believe how much it cost,i couldn't believe i much it
i like being involved in things like this,i like me be ever that like this
it has been a really nice spring,it has b b a really not to
take a piece of paper to draw on,day he makes of big too for on
vote for your top choice,for you dat choice
divide the money up between all of us,because the money point book all has
here are some key points from the briefing,here are some ghee  from for the pretty
i think the rolls now are less defined,i think the  now or lest
i really feel bad for the people i see their,i really feel feel for for the people i see no
i know we've had this one lady that was attacked,i know we've at this one that was
now it doesn't bother me at all,now it it   me at all
at the time you hired on with this company,and the time you  on with this company
two blue fish swam in the tank,do play fix so and in the
read verse out loud for pleasure,we'd fuss out lot for placer
hoist the load to your left shoulder,house that  to your  chau
i don't know who looks forward to it more,i don't know who looks  to it for
we can't find a place that will take everything,we time a place that will to away
i think we've got to do more with,i think we've to do two more with
that would be devastating i'm sure,that would be  on i'm saul
it was on the news every night,it was and the news every
his story is not unusual,is bring is not hund
the fish was cooked with some olives,the make was could one that
i had found an entry point,i had fined and every but
business as usual for traders,as of usual for
they gave us a special deal,they  has a  to
i wonder where they learned to do that,i  where they lot to do that
if only i could remember the name,if only i   the
i don't think the teachers are the problem,i don't think the  on the problem
my wife and daughter were kidnapped,my was  were kid
we will head to florida for vacation,we hear heed to  for many
it makes sense to a certain extent,it pace such to a something
that's a science in itself,that's a  a six in
when you decide to make the step,what you enjoyed to know the
the swan dive was far short of perfect,the right time was for sort of
the beauty of the view stunned the young boy,the peering of the star start the
the colt reared and through the tall rider,the called red and and the talk tall
it snowed rained and hailed the same morning,it  red and help the some funny
i have many a time called him to come get me,i have been a time called home to come to me
if it's run by the individual state,if is what buy back the  start
are you talking about the  rain situation or the ozone depletion,are you topic the  when  or the
the girls at school are all wearing clothes from the sixties,they cold at coole are all work will for the sitters
the reality is that's usually not the case,you  is and that's  sow not the cars
he kept his tone light and casual but from,he can't his too light and unusual bad
a fairly good amount,a  good about the
i've heard him talk about that for hours,i've heard have time and that for
it's real easy to swing in there for breakfast,it's real in two like and and there
then you find it again and lose it again,that you find it can and and it and
my little girl likes blue more than pink,my little go likes too for that peak
in may it will be five years since i met him,in may it will be for years i much of
she used to love to do stuff like that,she used to live to do stuff like
satan rejoiced with his birth,stud  with with back
it was his decision and you have to respect it,it was is decision on you have to write
no i didn't go to the store,no i didn't to do they store
take a stash of books or small quiet toys,tek a starts of books or for tire tires
i would reconsider where i was buying it from,i would  were were i was by back in four
it was written at a third grade level,it  and and looked white
but it didn't get the upper part of my body,it  not the about of four for
i wouldn't want them to be on drugs,i wouldn't when them to be on checks
the neighbor across the street just moved in,the never always the spend peep
i wouldn't say it's as bad as new york,i   it's of bout of year
don't you hate that,did you you have that that
it would be nice if they could get them together,it would to just sighs of they good time
but do you think bill gates should resign,at but do you think think about
evidently he was elected president,is was
we met half way between here and there,moore not have  your hear their
does it justify the cost,does it it  the cost
while its healing take it easy,i while is is only the type it is
so that's got everybody excited,so that's bought
didn't mean to cut you off their,at didn't be to get you have their
it's  the first car we ever bought new,and in  the right was har bad no going
keeping things concise is usually the way to go,that that's kunst of in the people to work
when i had my magazines at home,we are had my more  and home
that's really funny but also disturbing,that's college  bite have into
he's just so tall,it's just you de
their economies a little bit weak,there  a little bit weak
according to the judicial system,to the decision
i found that really helps,i fend that really
we went to colorado springs,we went to
but i haven't told my husband,but i  not my
have some part of the law,i'm some bought of of the lot
special to the detroit free press,because to the  much
is there a basis for it,it's there a  for it
i think because it costs less,i think because it gosse out's
for the things that we want,for the things that we what
streaming season is opening boys,sittin' of  miles
outside the building it's not bad,the milly it's bad
i don't want to do anything,i don't want to do anything
it's difficult to really say y,it's different to really some y
it really helps those people,it really have this people
when they cut in and speak,the got his and
it comes down to measuring,it sums don't tu
the productivity and the training costs,the  an the tries
the air is always cool,the  is overs cul
that's the way i feel,that's the way i i feel
what kind of running do you do,what can of  to u
how large is williams,how thought in in
my husband travels frequently,my aunt and
they're not buying homes,they're not backing his
they're moving to florida,there me two problem
i really like that show,i really like that store
it wasn't even funny,it wasn't
public relations,
we've got four kids,we've got four gets
we seem to agree on that,we do too coming on that
i mean he's doing alright,i need is is to
they are here for a purpose,they are here for
we know what we can do,we know what we do
some of them did say that,some of new do still that
i can understand their viewpoint,i can  their will
and this gets back to capital punishment,and this back my two
so thank you for not using the exploit,so think you for not  axed
employees will not get any severance pay,mile not at  back
afford the payments on a used car,avoid the persons on a  dar
couple of hundred kids in the band,of  it's in the bat
i have some neighbors across the field,i have some   field
he had been in that position for years,he had been in that  for years
there was a voice in her head,there was a finds it go it
her purse was full of useless trash,her puss was four of  tarts
i never really thought of it that way,i something like of of it we
they're always willing to help you out,they're always willie to hupp you on
i don't think it's quite as green,i don't think is one of cree
he worked hard at it,he worked  and it
it's his choice to make,it's his choice to make
you just gave it away,you just time it away
i have to be real careful,i have to be your comer
i hope you enjoyed this article,i hope you enjoyed sent
you probably wouldn't recognize me,you    mi
they don't kill the animals,they don't keel there
selling bottles of water,of werder
doesn't seem like it so far,seem like it so
i have two other sisters,i have two other cyst
i think it could affect the outcome,i think it good about the
i'm sure you will find something,have you you want matt something
it was a real special de,it was a grew speckle take
he could get hurt,he got not get
i'm getting a gut feeling here,i'm nilly is a pat  here
it's like a joke i heard once,it's like like a i heard was
it's kind of funny,it's got of
that was the point,that was the point
do you get cable,do you get
ninety seven cents a week,a a week
we started taking her,we started  our
even in my case,in my guess
that sort of stuff,that start of stiff
don't have enough money,have innes cum
once the children were grown,what's the  worked
i'm doing all right,i'm doing all right
i guess it's close enough,i cast its class enough
people donate more money,people didn't for one
people put them in,people bought the in
every time i do something,ever got i do something
it's a weakness and all,it's a  and all
it's a eighty eight,it's a  up
things are free enough,that's our free
it's already done for you,it's  tar for you
the victims families and things,the   and
you know i don't know,you know i don't don't
a vegetable garden,a  carded
a wide variety,a want
they're grown now,your graeme new
very,very
is that pollution,it's that
in the mountains,in the the
employment income,acting and
that pleased me,that lust mi
we are good people,we are good before
of course,have dews
when was it,we was it
about three years ago,but thought they  cum
what shall we do,what chell we do
now i remember it,there i  it
they got real fat,they caught real vet
please give me a,please cam be a
it's totally ridiculous,it's
that is horrible,that is is
not too long ago,not to like any
they are so small,they are su
i guess i never heard the history of that,i cass i never heard the every of that
decisions that are being made by world leaders,decisions not our baking my by
she was delivered the next day,si was got different the night time
some of them are our problems,some of them are or
who would they ask for clarification,who went think outs for  decision
we all like my oldest brother,we are like  to  problem
did you see any of those,did you stay at all have three
these guys just want attention,that's  just what
it sounds like you have really strong views on it,it sums like you really store some on it
magnified vision able to see at night,about to see at not
blizzards now have a new visual effect,places now now of du  about
live without dessert for the most part,lev really doesn't for the much bought
it seems like you get hit the worst,it seems like you get it the worst
so it was really too late to do much,so it was really to let to too much
i'm tired of being a pacifist though,i'm timed of b b a a
of course they ate a lot of sea food,of carts they at a lot of sea food
also known as welfare,not
he was that exceptional,he like that
so what about the enemies of the assad regime,so want about the  of the aside restive
i hope everything works out up there,i hope everything was what out up there
it was a prime time football game,it was a point time  cum
she has had really good luck this year,she as had really good luck this year
then i heard a very loud explosion,then heard a very lot lot
my dad is a potato farmer,my did is a a  for
the conversation turns into an argument,the family   a and a had
we need to buy more and more of them,we didn't to back and of the
a guy that i know just got a job there,he could that a new  from about their
where i go to church now,where i go to
that's pretty much the south end of the state,that's pretty was the sighing and the start
i was kind of into it for a while their,i was get up it'll it my for a now
do you believe in the dallas cowboys,do you believe in the dollars
to get into the systems very difficult,do kid it into the  many countries
just put your paper in the same place every day,just been your bick in the place his de
social states give more benefits to employees,you more  to about's
this car is super expensive,this car is
her friend will thank her for the card,he read will think of for the cot
on sunday the snow and ice came in,and  the store and time it
but drastic times could call for drastic measures,but  times called call for music
of course my job was such that i didn't,of kos mai  was such that i didn't
she'd just get on the first step and lay down,sit does kind of the stop and like
it is estimated a total of three thousand properties were affected,it is is a don't a top of their
will the game be priced differently during and after early access,we get get b   and at every
the product i tried was there minnie corn dogs which were superb,the  i tried was making cart with
vancouver teacher faces disciplinary action for harassing gay student,maybe teams   four or  today
details of this plot were  two years ago,of this we about you ago
we are absolutely as excited about this as you,we all  as  about this you
what other questions would you ask,went other  we you has
it's too valuable to just let people stay in sorry,it's too  was to pet  starry
and if i'm so blessed by the gods i'll never have to kill again,it has have so talk the  to come to
your birthday and age won't be visible to other users,your  and as his what be people to to
a man with a small pension is a ward of the government,a maid with   is a want of the
this week's pick is an algorithm that can diagnose a stroke,this was bick is   tact times a stuart
yet the president is not wrong to be exasperated and enraged,that the  is not call to be
the town is just over the hill here,the  it's   the heel
in other words there is a choice to make,it other friend there is a tries to bick
fill the jar to the top with boiling water,fill the store to the got with parting one
i went back to school and got my master's degree,i went to sew and and my my
do you want to eat inside or outside,do you want to to it  or
professors from other universities will present their research,because  for the  war pritt pritt the weaken
i guess there are a few things around still,i guess there are a few feel await auld stay
it is a fairly large liberal arts college as well,it is a frilly lot   of us were
having a job will keep you out of trouble,having a stop well get you out of
these things may not be true,things less last my be good
i guess because we don't go out that much,i reis  we two go go on that much
the day care accepted infants starting at six weeks old,the take me   don and  ort
it pertains to my daily life at the present time,it  to my dally like at the choices time
stones with runes on them served as,just with  on the start
what does the american report say,what did the coming the run say
i am taking my car to check this out in the evening,i have taking my two store this out in the
originally it was a year long nursing program,didn't it was was a year long tull
what is the cost of each piece you sell,what is the cost of his  bick your cell
if you are convinced that it is the right choice,if you are  that it is the right choice
but bringing the party together will be easier said than done,but  the party  be easy send that
i have seen so many who know that god has not given us a spirit of fear,i have seen stew making a no that kind kind
we all know that unfortunately schools are not always the safest places,we all know that  schools are not the comics
this is the price paid for counting eggs rather than chicken embryos,this is the priced point for carting   stun centre stun  sen  sen sen  sen   sen sen sen sen sen sen sen
maybe they're counting on that,maybe they're coming on that
we want to stay forever,we want to stay
i think they already did that,i think the  did that
it's hard for me to admit,it's out out for to be
you still need your mother's permission,you still get you mother's
and a very good afternoon to you,and philly good  to do
it's a package deal,it's a pretty free
the result of the test was negative,the  of the test was
i will be visiting new england,i was b  new do college
but you have friends that have children,but you have  this a start
they started looking into programs,the started looking to talks
join us for an upcoming event,us fore and
do you find yourself funny,do you find something
that would be good,that was be good
i'm not building any reserves,i'm not backing and nuss
pull all this weight,both all this is one
what happened to the sound,what  do the sound
because that's perfectly clean,because that's  late
they're just so,their knots some
i don't like administration,i don't like about
i really enjoy that team,i  enjoy that that team
when i came back here,when i i cam back puck here
i did well in school,i did while in in school
just all different colors,just all ul different
barbecues and mexican food,parting and and  point
snuggle up to you,hope to you
he has no criminal convictions,he has no
thank you for signing up,that you for
how does she live with herself,how does see see  with
look at the statistics,lo had new
losers all the way around,of the parted
it doesn't seem that long,it didn't see thought
and so we usually sit outside,and so we  start
they are now starting to make them,they are nigh starting to make them
you don't get nearly enough exercise,you don't get
she'll be two years old in july,she be to do use on and in
i filed my taxes early this year,i fend mai  ne the you
i've got a two year old and a four year old,have got a do you enjoy it a for a more
we definitely need a change in the system,we   need a times the sum
there was a story of a woman last year,they was a  a one lot you
what area of the country do you live in,what hour of the trust to you it
this happened about a week ago,this husband about a week ago
it seems like you walk quicker,it seems like you work coming
real rough type camping,your sum not
so i made my own version,so i made my hold pherson
they said it was really riveting,they sate it was calling really working
tell me your education story,tell me your  starry
there's good music and good food,that's got making and cut fort
i don't water them or anything,i don't want think them are anything
a producer of movies in baltimore called,a  of moneys in problem
especially not in some of these big cities,not in some of this bick city
i have my own policy on,i have my home   on
i don't know if you've heard of her,i don't know if if you've good of of her
no deaths have been  in the city,though dis has of been  in in the
a dog is featured below the text,a talk is   the
lo and behold they did not,lo had bit be they they did not
i'd like to see silence of the lambs,i look to do  of the life
we are quite simply at a tipping point,we went silly at a bet
this is an invasion of privacy issue,this and a  of a
my son just  a cat,where start and about a cat
grew up on a family farm where he still works,to go on a a funny from four work
we decided to ask them,we we  too has
and everyone involved in the case bar the jury had been here before,at  is in the cas  the story and bit befall
oh so you need to put away the milk and cereal,ho so you need to but about awake the mite story
everything trump wants to do threatens everything trudeau wants to do,everything talked was to do anything everything to to do
peter was in bed when i walked into the bedroom,people was it but with eye quite into in the measure
i'm not even disputing the results of the board,i'm not even  the  of the point
and hurricane jose had not turned north yet,and  hers and at not  sort years
